<?xml version="1.0" encoding="UTF-8"?>
<tables xmlns="http://labkey.org/data/xml">
  <table tableName="SOPs" tableDbType="TABLE">
    <columns>
      <column columnName="Id">
        <datatype>varchar</datatype>
        <columnTitle>Id</columnTitle>
        <nullable>false</nullable>
        <isKeyField>true</isKeyField>
      </column>
      <column columnName="Name">
        <datatype>varchar</datatype>
        <columnTitle>Name</columnTitle>
      </column>
      <column columnName="PDF">
        <datatype>Attachment</datatype>
        <columnTitle>PDF</columnTitle>
      </column>
      <column columnName="Spanish_PDF">
        <datatype>Attachment</datatype>
        <columnTitle>Spanish Translation</columnTitle>
      </column>
      <column columnName="video">
        <datatype>varchar</datatype>
        <columnTitle>Accompanying Video</columnTitle>
      </column>
      <column columnName="resetRenewal">
        <datatype>boolean</datatype>
        <columnTitle>Require Another Review</columnTitle>
        <isHidden>true</isHidden>
      </column>
      <column columnName="activeDate">
        <datatype>timestamp</datatype>
        <columnTitle>Active Date</columnTitle>
      </column>
    </columns>
    <pkColumnName>Id</pkColumnName>
  </table>
</tables>