<?xml version="1.0" encoding="UTF-8"?>
<tables xsi:schemaLocation="http://labkey.org/data/xml ..\..\..\..\..\schemas\tableInfo.xsd"
            xmlns="http://labkey.org/data/xml" xmlns:xsi="http://www.w3.org/2001/XMLSchema-instance">
    <sharedConfig>
        <columns>
            <column columnName="taskid">
                <datatype>varchar</datatype>
                <propertyURI>urn:ehr.labkey.org/#TaskId</propertyURI>
            </column>
            <column columnName="project">
                <datatype>integer</datatype>
                <propertyURI>urn:ehr.labkey.org/#Project</propertyURI>
            </column>
            <column columnName="parentid">
                <datatype>varchar</datatype>
                <propertyURI>urn:ehr.labkey.org/#ParentId</propertyURI>
            </column>
            <column columnName="performedby">
                <datatype>varchar</datatype>
                <propertyURI>urn:ehr.labkey.org/#PerformedBy</propertyURI>
            </column>
            <column columnName="description">
                <datatype>varchar</datatype>
                <propertyURI>urn:ehr.labkey.org/#Description</propertyURI>
            </column>
            <column columnName="remark">
                <datatype>varchar</datatype>
                <propertyURI>urn:ehr.labkey.org/#Remark</propertyURI>
            </column>
        </columns>
    </sharedConfig>
    <table tableName="arrival" tableDbType="TABLE">
        <tableTitle>Arrival</tableTitle>
        <columns>
            <column columnName="Id">
                <datatype>varchar</datatype>
                <propertyURI>http://cpas.labkey.com/Study#ParticipantId</propertyURI>
                <importAliases>
                    <importAlias>ptid</importAlias>
                </importAliases>
            </column>
            <column columnName="date">
                <datatype>timestamp</datatype>
                <propertyURI>http://cpas.labkey.com/Study#VisitDate</propertyURI>
                <conceptURI>http://cpas.labkey.com/Study#VisitDate</conceptURI>
            </column>
            <column columnName="birth">
                <datatype>timestamp</datatype>
            </column>
            <column columnName="objectid">
                <datatype>varchar</datatype>
                <propertyURI>urn:ehr.labkey.org/#ObjectId</propertyURI>
                <isKeyField>true</isKeyField>
            </column>
            <column columnName="gender">
                <datatype>varchar</datatype>
            </column>
            <column columnName="species">
                <datatype>varchar</datatype>
            </column>
        </columns>
    </table>
    <table tableName="assignment" tableDbType="TABLE">
        <tableTitle>Project Assignments</tableTitle>
        <columns>
            <column columnName="Id">
                <datatype>varchar</datatype>
                <propertyURI>http://cpas.labkey.com/Study#ParticipantId</propertyURI>
                <importAliases>
                    <importAlias>ptid</importAlias>
                </importAliases>
            </column>
            <column columnName="date">
                <datatype>timestamp</datatype>
                <propertyURI>http://cpas.labkey.com/Study#VisitDate</propertyURI>
                <conceptURI>http://cpas.labkey.com/Study#VisitDate</conceptURI>
            </column>
            <column columnName="enddate">
                <datatype>timestamp</datatype>
            </column>
            <column columnName="objectid">
                <datatype>varchar</datatype>
                <propertyURI>urn:ehr.labkey.org/#ObjectId</propertyURI>
                <isKeyField>true</isKeyField>
            </column>
        </columns>
    </table>
    <table tableName="alopecia" tableDbType="TABLE">
        <tableTitle>Alopecia</tableTitle>
        <columns>
            <column columnName="Id">
                <datatype>varchar</datatype>
                <propertyURI>http://cpas.labkey.com/Study#ParticipantId</propertyURI>
                <importAliases>
                    <importAlias>ptid</importAlias>
                </importAliases>
            </column>
            <column columnName="date">
                <datatype>timestamp</datatype>
                <propertyURI>http://cpas.labkey.com/Study#VisitDate</propertyURI>
                <conceptURI>http://cpas.labkey.com/Study#VisitDate</conceptURI>
            </column>
            <column columnName="objectid">
                <datatype>varchar</datatype>
                <propertyURI>urn:ehr.labkey.org/#ObjectId</propertyURI>
                <isKeyField>true</isKeyField>
            </column>
            <column columnName="score">
                <columnTitle>Score</columnTitle>
                <datatype>integer</datatype>
            </column>
            <column columnName="diagnosis">
                <columnTitle>Diagnosis</columnTitle>
                <datatype>varchar</datatype>
            </column>
            <column columnName="units">
                <columnTitle>Units</columnTitle>
                <datatype>integer</datatype>
            </column>
        </columns>
    </table>
    <table tableName="biopsy" tableDbType="TABLE">
        <tableTitle>Biopsy</tableTitle>
        <columns>
            <column columnName="Id">
                <datatype>varchar</datatype>
                <propertyURI>http://cpas.labkey.com/Study#ParticipantId</propertyURI>
                <importAliases>
                    <importAlias>ptid</importAlias>
                </importAliases>
            </column>
            <column columnName="date">
                <datatype>timestamp</datatype>
                <propertyURI>http://cpas.labkey.com/Study#VisitDate</propertyURI>
                <conceptURI>http://cpas.labkey.com/Study#VisitDate</conceptURI>
            </column>
            <column columnName="objectid">
                <datatype>varchar</datatype>
                <propertyURI>urn:ehr.labkey.org/#ObjectId</propertyURI>
                <isKeyField>true</isKeyField>
            </column>
            <column columnName="type">
                <columnTitle>Type</columnTitle>
                <datatype>varchar</datatype>
            </column>
            <column columnName="attachmentFile">
                <columnTitle>Attachment File</columnTitle>
                <datatype>varchar</datatype>
                <rangeURI>http://cpas.fhcrc.org/exp/xml#fileLink</rangeURI>
            </column>
        </columns>
    </table>
    <table tableName="protocolAssignment" tableDbType="TABLE">
        <tableTitle>Protocol Assignments</tableTitle>
        <columns>
            <column columnName="Id">
                <datatype>varchar</datatype>
                <propertyURI>http://cpas.labkey.com/Study#ParticipantId</propertyURI>
                <importAliases>
                    <importAlias>ptid</importAlias>
                </importAliases>
            </column>
            <column columnName="date">
                <datatype>timestamp</datatype>
                <propertyURI>http://cpas.labkey.com/Study#VisitDate</propertyURI>
                <conceptURI>http://cpas.labkey.com/Study#VisitDate</conceptURI>
            </column>
            <column columnName="enddate">
                <datatype>timestamp</datatype>
            </column>
            <column columnName="protocol">
                <datatype>integer</datatype>
            </column>
            <column columnName="objectid">
                <datatype>varchar</datatype>
                <propertyURI>urn:ehr.labkey.org/#ObjectId</propertyURI>
                <isKeyField>true</isKeyField>
            </column>
        </columns>
    </table>
    <table tableName="birth" tableDbType="TABLE">
        <tableTitle>Birth</tableTitle>
        <columns>
            <column columnName="Id">
                <datatype>varchar</datatype>
                <propertyURI>http://cpas.labkey.com/Study#ParticipantId</propertyURI>
                <importAliases>
                    <importAlias>ptid</importAlias>
                </importAliases>
            </column>
            <column columnName="date">
                <datatype>timestamp</datatype>
                <propertyURI>http://cpas.labkey.com/Study#VisitDate</propertyURI>
                <conceptURI>http://cpas.labkey.com/Study#VisitDate</conceptURI>
            </column>
            <column columnName="gender">
                <datatype>varchar</datatype>
            </column>
            <column columnName="cage">
                <datatype>varchar</datatype>
            </column>
            <column columnName="room">
                <datatype>varchar</datatype>
            </column>
            <column columnName="geographic_origin">
                <datatype>varchar</datatype>
            </column>
            <column columnName="species">
                <datatype>varchar</datatype>
            </column>
        </columns>
    </table>
    <table tableName="blood" tableDbType="TABLE">
        <tableTitle>Blood Draws</tableTitle>
        <columns>
            <column columnName="Id">
                <datatype>varchar</datatype>
                <propertyURI>http://cpas.labkey.com/Study#ParticipantId</propertyURI>
                <importAliases>
                    <importAlias>ptid</importAlias>
                </importAliases>
            </column>
            <column columnName="date">
                <datatype>timestamp</datatype>
                <propertyURI>http://cpas.labkey.com/Study#VisitDate</propertyURI>
                <conceptURI>http://cpas.labkey.com/Study#VisitDate</conceptURI>
            </column>
            <column columnName="objectid">
                <datatype>varchar</datatype>
                <propertyURI>urn:ehr.labkey.org/#ObjectId</propertyURI>
                <isKeyField>true</isKeyField>
            </column>
            <column columnName="type">
                <columnTitle>Type</columnTitle>
                <datatype>varchar</datatype>
            </column>
            <column columnName="quantity">
                <datatype>double</datatype>
            </column>
            <column columnName="units">
                <columnTitle>Units</columnTitle>
                <datatype>integer</datatype>
            </column>
        </columns>
    </table>
    <table tableName="breeder" tableDbType="TABLE">
        <tableTitle>Breeder</tableTitle>
        <columns>
            <column columnName="Id">
                <datatype>varchar</datatype>
                <propertyURI>http://cpas.labkey.com/Study#ParticipantId</propertyURI>
                <importAliases>
                    <importAlias>ptid</importAlias>
                </importAliases>
            </column>
            <column columnName="date">
                <datatype>timestamp</datatype>
                <propertyURI>http://cpas.labkey.com/Study#VisitDate</propertyURI>
                <conceptURI>http://cpas.labkey.com/Study#VisitDate</conceptURI>
            </column>
            <column columnName="objectid">
                <datatype>varchar</datatype>
                <propertyURI>urn:ehr.labkey.org/#ObjectId</propertyURI>
                <isKeyField>true</isKeyField>
            </column>
            <column columnName="type">
                <columnTitle>Type</columnTitle>
                <datatype>varchar</datatype>
            </column>
            <column columnName="result">
                <columnTitle>Result</columnTitle>
                <datatype>varchar</datatype>
            </column>
            <column columnName="attachmentFile">
                <columnTitle>Attachment File</columnTitle>
                <datatype>varchar</datatype>
                <rangeURI>http://cpas.fhcrc.org/exp/xml#fileLink</rangeURI>
            </column>
        </columns>
    </table>
    <table tableName="clinremarks" tableDbType="TABLE">
        <tableTitle>Clinical Remarks</tableTitle>
        <columns>
            <column columnName="Id">
                <datatype>varchar</datatype>
                <propertyURI>http://cpas.labkey.com/Study#ParticipantId</propertyURI>
                <importAliases>
                    <importAlias>ptid</importAlias>
                </importAliases>
            </column>
            <column columnName="date">
                <datatype>timestamp</datatype>
                <propertyURI>http://cpas.labkey.com/Study#VisitDate</propertyURI>
                <conceptURI>http://cpas.labkey.com/Study#VisitDate</conceptURI>
            </column>
            <column columnName="objectid">
                <datatype>varchar</datatype>
                <propertyURI>urn:ehr.labkey.org/#ObjectId</propertyURI>
                <isKeyField>true</isKeyField>
            </column>
            <column columnName="category">
                <datatype>varchar</datatype>
            </column>
            <column columnName="hx">
                <datatype>varchar</datatype>
            </column>
        </columns>
    </table>
    <table tableName="demographics" tableDbType="TABLE">
        <tableTitle>Demographics</tableTitle>
        <columns>
            <column columnName="Id">
                <datatype>varchar</datatype>
                <propertyURI>http://cpas.labkey.com/Study#ParticipantId</propertyURI>
                <importAliases>
                    <importAlias>ptid</importAlias>
                </importAliases>
            </column>
            <column columnName="date">
                <datatype>timestamp</datatype>
                <propertyURI>http://cpas.labkey.com/Study#VisitDate</propertyURI>
                <conceptURI>http://cpas.labkey.com/Study#VisitDate</conceptURI>
            </column>
            <column columnName="gender">
                <datatype>varchar</datatype>
            </column>
            <column columnName="sire">
                <datatype>varchar</datatype>
            </column>
            <column columnName="dam">
                <datatype>varchar</datatype>
            </column>
            <column columnName="birth">
                <datatype>timestamp</datatype>
            </column>
            <column columnName="death">
                <datatype>timestamp</datatype>
            </column>
            <column columnName="species">
                <datatype>varchar</datatype>
            </column>
            <column columnName="weanedDate">
                <datatype>timestamp</datatype>
            </column>
            <column columnName="disposition">
                <datatype>varchar</datatype>
            </column>
            <column columnName="termination">
                <datatype>varchar</datatype>
            </column>
            <column columnName="implantNumber">
                <datatype>varchar</datatype>
            </column>
            <column columnName="vendorNumber">
                <datatype>varchar</datatype>
            </column>
            <column columnName="activeStatus">
                <datatype>varchar</datatype>
            </column>
            <column columnName="calculated_status">
                <datatype>varchar</datatype>
            </column>
            <column columnName="lotId">
                <datatype>integer</datatype>
            </column>
            <column columnName="geographic_origin">
                <datatype>varchar</datatype>
            </column>
            <column columnName="source">
                <datatype>varchar</datatype>
            </column>
            <column columnName="CITES">
                <datatype>varchar</datatype>
            </column>
        </columns>
    </table>
    <table tableName="departure" tableDbType="TABLE">
        <tableTitle>Departure</tableTitle>
        <columns>
            <column columnName="Id">
                <datatype>varchar</datatype>
                <propertyURI>http://cpas.labkey.com/Study#ParticipantId</propertyURI>
                <importAliases>
                    <importAlias>ptid</importAlias>
                </importAliases>
            </column>
            <column columnName="objectid">
                <datatype>varchar</datatype>
                <propertyURI>urn:ehr.labkey.org/#ObjectId</propertyURI>
                <isKeyField>true</isKeyField>
            </column>
            <column columnName="date">
                <datatype>timestamp</datatype>
                <propertyURI>http://cpas.labkey.com/Study#VisitDate</propertyURI>
                <conceptURI>http://cpas.labkey.com/Study#VisitDate</conceptURI>
            </column>
            <column columnName="destination">
                <datatype>varchar</datatype>
            </column>
        </columns>
    </table>
    <table tableName="deaths" tableDbType="TABLE">
        <tableTitle>Deaths</tableTitle>
        <columns>
            <column columnName="Id">
                <datatype>varchar</datatype>
                <propertyURI>http://cpas.labkey.com/Study#ParticipantId</propertyURI>
                <importAliases>
                    <importAlias>ptid</importAlias>
                </importAliases>
            </column>
            <column columnName="date">
                <datatype>timestamp</datatype>
                <propertyURI>http://cpas.labkey.com/Study#VisitDate</propertyURI>
                <conceptURI>http://cpas.labkey.com/Study#VisitDate</conceptURI>
            </column>
            <column columnName="reason">
                <datatype>varchar</datatype>
            </column>
        </columns>
    </table>
    <table tableName="exemptions" tableDbType="TABLE">
        <tableTitle>Exemptions</tableTitle>
        <columns>
            <column columnName="Id">
                <datatype>varchar</datatype>
                <propertyURI>http://cpas.labkey.com/Study#ParticipantId</propertyURI>
                <importAliases>
                    <importAlias>ptid</importAlias>
                </importAliases>
            </column>
            <column columnName="objectid">
                <datatype>varchar</datatype>
                <propertyURI>urn:ehr.labkey.org/#ObjectId</propertyURI>
                <isKeyField>true</isKeyField>
            </column>
            <column columnName="date">
                <datatype>timestamp</datatype>
                <propertyURI>http://cpas.labkey.com/Study#VisitDate</propertyURI>
                <conceptURI>http://cpas.labkey.com/Study#VisitDate</conceptURI>
            </column>
            <column columnName="category">
                <datatype>varchar</datatype>
            </column>
            <column columnName="remark">
                <datatype>varchar</datatype>
            </column>
        </columns>
    </table>
    <table tableName="flags" tableDbType="TABLE">
        <columns>
            <column columnName="Id">
                <datatype>varchar</datatype>
                <propertyURI>http://cpas.labkey.com/Study#ParticipantId</propertyURI>
                <importAliases>
                    <importAlias>ptid</importAlias>
                </importAliases>
            </column>
            <column columnName="objectid">
                <datatype>varchar</datatype>
                <propertyURI>urn:ehr.labkey.org/#ObjectId</propertyURI>
                <isKeyField>true</isKeyField>
            </column>
            <column columnName="date">
                <datatype>timestamp</datatype>
                <propertyURI>http://cpas.labkey.com/Study#VisitDate</propertyURI>
                <conceptURI>http://cpas.labkey.com/Study#VisitDate</conceptURI>
            </column>
            <column columnName="flag">
                <datatype>varchar</datatype>
            </column>
            <column columnName="enddate">
                <datatype>timestamp</datatype>
                <propertyURI>urn:ehr.labkey.org/#EndDate</propertyURI>
            </column>
        </columns>
        <tableTitle>Animal Record Flags</tableTitle>
    </table>
    <table tableName="housing" tableDbType="TABLE">
        <tableTitle>Housing</tableTitle>
        <columns>
            <column columnName="Id">
                <datatype>varchar</datatype>
                <propertyURI>http://cpas.labkey.com/Study#ParticipantId</propertyURI>
                <importAliases>
                    <importAlias>ptid</importAlias>
                </importAliases>
            </column>
            <column columnName="date">
                <datatype>timestamp</datatype>
                <propertyURI>http://cpas.labkey.com/Study#VisitDate</propertyURI>
                <conceptURI>http://cpas.labkey.com/Study#VisitDate</conceptURI>
            </column>
            <column columnName="objectid">
                <datatype>varchar</datatype>
                <propertyURI>urn:ehr.labkey.org/#ObjectId</propertyURI>
                <isKeyField>true</isKeyField>
            </column>
            <column columnName="location">
                <datatype>varchar</datatype>
            </column>
            <column columnName="room">
                <datatype>varchar</datatype>
            </column>
            <column columnName="cage">
                <datatype>varchar</datatype>
            </column>
            <column columnName="reason">
                <datatype>varchar</datatype>
            </column>
            <column columnName="remark">
                <datatype>varchar</datatype>
            </column>
            <column columnName="enddate">
                <datatype>timestamp</datatype>
            </column>
        </columns>
    </table>
    <table tableName="inbreeding" tableDbType="TABLE">
        <columns>
            <column columnName="Id">
                <datatype>varchar</datatype>
                <propertyURI>http://cpas.labkey.com/Study#ParticipantId</propertyURI>
                <importAliases>
                    <importAlias>ptid</importAlias>
                </importAliases>
            </column>
            <column columnName="date">
                <datatype>timestamp</datatype>
                <propertyURI>http://cpas.labkey.com/Study#VisitDate</propertyURI>
                <conceptURI>http://cpas.labkey.com/Study#VisitDate</conceptURI>
            </column>
            <column columnName="coefficient">
                <datatype>double</datatype>
            </column>
            <column columnName="project">
                <datatype>integer</datatype>
                <propertyURI>urn:ehr.labkey.org/#Project</propertyURI>
            </column>
            <column columnName="enddate">
                <datatype>timestamp</datatype>
                <propertyURI>urn:ehr.labkey.org/#EndDate</propertyURI>
            </column>
        </columns>
        <tableTitle>Inbreeding Coefficients</tableTitle>
    </table>
    <table tableName="obs" tableDbType="TABLE">
        <tableTitle>Observations</tableTitle>
        <columns>
            <column columnName="Id">
                <datatype>varchar</datatype>
                <propertyURI>http://cpas.labkey.com/Study#ParticipantId</propertyURI>
                <importAliases>
                    <importAlias>ptid</importAlias>
                </importAliases>
            </column>
            <column columnName="objectid">
                <datatype>varchar</datatype>
                <propertyURI>urn:ehr.labkey.org/#ObjectId</propertyURI>
                <isKeyField>true</isKeyField>
            </column>
            <column columnName="date">
                <datatype>timestamp</datatype>
                <propertyURI>http://cpas.labkey.com/Study#VisitDate</propertyURI>
                <conceptURI>http://cpas.labkey.com/Study#VisitDate</conceptURI>
            </column>
            <column columnName="category">
                <datatype>varchar</datatype>
            </column>
            <column columnName="diagnosis">
                <datatype>varchar</datatype>
            </column>
        </columns>
    </table>
    <table tableName="necropsy" tableDbType="TABLE">
        <tableTitle>Necropsy</tableTitle>
        <columns>
            <column columnName="Id">
                <datatype>varchar</datatype>
                <propertyURI>http://cpas.labkey.com/Study#ParticipantId</propertyURI>
                <importAliases>
                    <importAlias>ptid</importAlias>
                </importAliases>
            </column>
            <column columnName="objectid">
                <datatype>varchar</datatype>
                <propertyURI>urn:ehr.labkey.org/#ObjectId</propertyURI>
                <isKeyField>true</isKeyField>
            </column>
            <column columnName="date">
                <datatype>timestamp</datatype>
                <propertyURI>http://cpas.labkey.com/Study#VisitDate</propertyURI>
                <conceptURI>http://cpas.labkey.com/Study#VisitDate</conceptURI>
            </column>
            <column columnName="category">
                <datatype>varchar</datatype>
            </column>
            <column columnName="remark">
                <datatype>varchar</datatype>
            </column>
            <column columnName="attachmentFile">
                <columnTitle>Attachment File</columnTitle>
                <datatype>varchar</datatype>
                <rangeURI>http://cpas.fhcrc.org/exp/xml#fileLink</rangeURI>
            </column>
        </columns>
    </table>
    <table tableName="pairings" tableDbType="TABLE">
        <tableTitle>Pairings</tableTitle>
        <columns>
            <column columnName="Id">
                <datatype>varchar</datatype>
                <propertyURI>http://cpas.labkey.com/Study#ParticipantId</propertyURI>
                <importAliases>
                    <importAlias>ptid</importAlias>
                </importAliases>
            </column>
            <column columnName="objectid">
                <datatype>varchar</datatype>
                <propertyURI>urn:ehr.labkey.org/#ObjectId</propertyURI>
                <isKeyField>true</isKeyField>
            </column>
            <column columnName="date">
                <datatype>timestamp</datatype>
                <propertyURI>http://cpas.labkey.com/Study#VisitDate</propertyURI>
                <conceptURI>http://cpas.labkey.com/Study#VisitDate</conceptURI>
            </column>
            <column columnName="type">
                <datatype>varchar</datatype>
            </column>
            <column columnName="remark">
                <datatype>varchar</datatype>
            </column>
        </columns>
    </table>
    <table tableName="physicalExam" tableDbType="TABLE">
        <tableTitle>Physical Exam</tableTitle>
        <columns>
            <column columnName="Id">
                <datatype>varchar</datatype>
                <propertyURI>http://cpas.labkey.com/Study#ParticipantId</propertyURI>
                <importAliases>
                    <importAlias>ptid</importAlias>
                </importAliases>
            </column>
            <column columnName="objectid">
                <datatype>varchar</datatype>
                <propertyURI>urn:ehr.labkey.org/#ObjectId</propertyURI>
                <isKeyField>true</isKeyField>
            </column>
            <column columnName="date">
                <datatype>timestamp</datatype>
                <propertyURI>http://cpas.labkey.com/Study#VisitDate</propertyURI>
                <conceptURI>http://cpas.labkey.com/Study#VisitDate</conceptURI>
            </column>
            <column columnName="exam">
                <datatype>varchar</datatype>
            </column>
            <column columnName="result">
                <datatype>double</datatype>
            </column>
            <column columnName="units">
                <columnTitle>Units</columnTitle>
                <datatype>integer</datatype>
            </column>
            <column columnName="remark">
                <datatype>varchar</datatype>
            </column>
        </columns>
    </table>
    <table tableName="prc" tableDbType="TABLE">
        <tableTitle>Procedures</tableTitle>
        <columns>
            <column columnName="Id">
                <datatype>varchar</datatype>
                <propertyURI>http://cpas.labkey.com/Study#ParticipantId</propertyURI>
                <importAliases>
                    <importAlias>ptid</importAlias>
                </importAliases>
            </column>
            <column columnName="date">
                <datatype>timestamp</datatype>
                <propertyURI>http://cpas.labkey.com/Study#VisitDate</propertyURI>
                <conceptURI>http://cpas.labkey.com/Study#VisitDate</conceptURI>
            </column>
            <column columnName="remark">
                <datatype>varchar</datatype>
            </column>
            <column columnName="type">
                <datatype>varchar</datatype>
            </column>

            <column columnName="objectid">
                <datatype>entityid</datatype>
                <propertyURI>urn:ehr.labkey.org/#ObjectId</propertyURI>
                <isKeyField>true</isKeyField>
            </column>
        </columns>
    </table>
    <table tableName="serology" tableDbType="TABLE">
        <tableTitle>Serology</tableTitle>
        <columns>
            <column columnName="Id">
                <datatype>varchar</datatype>
                <propertyURI>http://cpas.labkey.com/Study#ParticipantId</propertyURI>
                <importAliases>
                    <importAlias>ptid</importAlias>
                </importAliases>
            </column>
            <column columnName="objectid">
                <datatype>varchar</datatype>
                <propertyURI>urn:ehr.labkey.org/#ObjectId</propertyURI>
                <isKeyField>true</isKeyField>
            </column>
            <column columnName="date">
                <datatype>timestamp</datatype>
                <propertyURI>http://cpas.labkey.com/Study#VisitDate</propertyURI>
                <conceptURI>http://cpas.labkey.com/Study#VisitDate</conceptURI>
            </column>
            <column columnName="lab">
                <datatype>varchar</datatype>
            </column>
            <column columnName="type">
                <datatype>varchar</datatype>
            </column>
        </columns>
    </table>
    <table tableName="problem" tableDbType="TABLE">
        <tableTitle>Problem List</tableTitle>
        <columns>
            <column columnName="Id">
                <datatype>varchar</datatype>
                <propertyURI>http://cpas.labkey.com/Study#ParticipantId</propertyURI>
                <importAliases>
                    <importAlias>ptid</importAlias>
                </importAliases>
            </column>
            <column columnName="date">
                <datatype>timestamp</datatype>
                <propertyURI>http://cpas.labkey.com/Study#VisitDate</propertyURI>
                <conceptURI>http://cpas.labkey.com/Study#VisitDate</conceptURI>
            </column>
            <column columnName="category">
                <datatype>varchar</datatype>
            </column>
            <column columnName="code">
                <datatype>varchar</datatype>
            </column>
            <column columnName="enddate">
                <datatype>timestamp</datatype>
            </column>
        </columns>
    </table>
    <table tableName="drug" tableDbType="TABLE">
        <tableTitle>Drug Administration</tableTitle>
        <columns>
            <column columnName="Id">
                <datatype>varchar</datatype>
                <propertyURI>http://cpas.labkey.com/Study#ParticipantId</propertyURI>
                <importAliases>
                    <importAlias>ptid</importAlias>
                </importAliases>
            </column>
            <column columnName="date">
                <datatype>timestamp</datatype>
                <propertyURI>http://cpas.labkey.com/Study#VisitDate</propertyURI>
                <conceptURI>http://cpas.labkey.com/Study#VisitDate</conceptURI>
            </column>
            <column columnName="objectid">
                <datatype>varchar</datatype>
                <propertyURI>urn:ehr.labkey.org/#ObjectId</propertyURI>
                <isKeyField>true</isKeyField>
            </column>
            <column columnName="type">
                <columnTitle>Type</columnTitle>
                <datatype>varchar</datatype>
            </column>
            <column columnName="amount">
                <columnTitle>Amount</columnTitle>
                <datatype>double</datatype>
            </column>
            <column columnName="attachmentFile">
                <columnTitle>Attachment File</columnTitle>
                <datatype>varchar</datatype>
                <rangeURI>http://cpas.fhcrc.org/exp/xml#fileLink</rangeURI>
            </column>
        </columns>
    </table>
    <table tableName="cases" tableDbType="TABLE">
        <tableTitle>Clinical Treatment Cases</tableTitle>
        <columns>
            <column columnName="Id">
                <datatype>varchar</datatype>
                <propertyURI>http://cpas.labkey.com/Study#ParticipantId</propertyURI>
                <importAliases>
                    <importAlias>ptid</importAlias>
                </importAliases>
            </column>
            <column columnName="date">
                <datatype>timestamp</datatype>
                <propertyURI>http://cpas.labkey.com/Study#VisitDate</propertyURI>
                <conceptURI>http://cpas.labkey.com/Study#VisitDate</conceptURI>
            </column>
            <column columnName="enddate">
                <datatype>timestamp</datatype>
                <propertyURI>urn:ehr.labkey.org/#EndDate</propertyURI>
            </column>
            <column columnName="objectid">
                <datatype>varchar</datatype>
                <propertyURI>urn:ehr.labkey.org/#ObjectId</propertyURI>
                <isKeyField>true</isKeyField>
            </column>
            <column columnName="category">
                <columnTitle>Case category</columnTitle>
                <datatype>varchar</datatype>
            </column>
            <column columnName="diagnosis">
                <columnTitle>Diagnosis</columnTitle>
                <datatype>varchar</datatype>
            </column>
            <column columnName="attachmentFile">
                <columnTitle>Attachment File</columnTitle>
                <datatype>varchar</datatype>
                <rangeURI>http://cpas.fhcrc.org/exp/xml#fileLink</rangeURI>
            </column>
        </columns>
    </table>
    <table tableName="treatment_order" tableDbType="TABLE">
        <tableTitle>Treatment Orders</tableTitle>
        <columns>
            <column columnName="Id">
                <datatype>varchar</datatype>
                <propertyURI>http://cpas.labkey.com/Study#ParticipantId</propertyURI>
                <importAliases>
                    <importAlias>ptid</importAlias>
                </importAliases>
            </column>
            <column columnName="date">
                <datatype>timestamp</datatype>
                <propertyURI>http://cpas.labkey.com/Study#VisitDate</propertyURI>
                <conceptURI>http://cpas.labkey.com/Study#VisitDate</conceptURI>
            </column>
            <column columnName="objectid">
                <datatype>varchar</datatype>
                <propertyURI>urn:ehr.labkey.org/#ObjectId</propertyURI>
                <isKeyField>true</isKeyField>
            </column>
            <column columnName="amount">
                <datatype>varchar</datatype>
            </column>
            <column columnName="enddate">
                <datatype>timestamp</datatype>
            </column>
        </columns>
    </table>
    <table tableName="vitals" tableDbType="TABLE">
        <columns>
            <column columnName="Id">
                <datatype>varchar</datatype>
                <propertyURI>http://cpas.labkey.com/Study#ParticipantId</propertyURI>
                <importAliases>
                    <importAlias>ptid</importAlias>
                </importAliases>
            </column>
            <column columnName="date">
                <datatype>timestamp</datatype>
                <propertyURI>http://cpas.labkey.com/Study#VisitDate</propertyURI>
                <conceptURI>http://cpas.labkey.com/Study#VisitDate</conceptURI>
            </column>
            <column columnName="bloodPressure">
                <columnTitle>Blood Pressure</columnTitle>
                <datatype>varchar</datatype>
            </column>
            <column columnName="temp">
                <columnTitle>Temperature</columnTitle>
                <datatype>double</datatype>
            </column>
            <column columnName="heartRate">
                <columnTitle>Heart Rate</columnTitle>
                <datatype>double</datatype>
            </column>
            <column columnName="respRate">
                <columnTitle>Respiration Rate</columnTitle>
                <datatype>double</datatype>
            </column>
            <column columnName="pulseRate">
                <columnTitle>Pulse Rate</columnTitle>
                <datatype>double</datatype>
            </column>
            <column columnName="objectid">
                <datatype>entityid</datatype>
                <propertyURI>urn:ehr.labkey.org/#ObjectId</propertyURI>
                <isKeyField>true</isKeyField>
            </column>
            <column columnName="type">
                <columnTitle>Type</columnTitle>
                <datatype>varchar</datatype>
            </column>
            <column columnName="units">
                <columnTitle>Units</columnTitle>
                <datatype>integer</datatype>
            </column>
        </columns>
        <tableTitle>Vital Signs</tableTitle>
    </table>
    <table tableName="weight" tableDbType="TABLE">
        <tableTitle>Weight</tableTitle>
        <columns>
            <column columnName="Id">
                <datatype>varchar</datatype>
                <propertyURI>http://cpas.labkey.com/Study#ParticipantId</propertyURI>
                <importAliases>
                    <importAlias>ptid</importAlias>
                </importAliases>
            </column>
            <column columnName="objectid">
                <datatype>varchar</datatype>
                <propertyURI>urn:ehr.labkey.org/#ObjectId</propertyURI>
                <isKeyField>true</isKeyField>
            </column>
            <column columnName="date">
                <datatype>timestamp</datatype>
                <propertyURI>http://cpas.labkey.com/Study#VisitDate</propertyURI>
                <conceptURI>http://cpas.labkey.com/Study#VisitDate</conceptURI>
            </column>
            <column columnName="weight">
                <datatype>double</datatype>
            </column>
            <column columnName="units">
                <columnTitle>Units</columnTitle>
                <datatype>integer</datatype>
            </column>
        </columns>
    </table>
    <table tableName="pregnancy" tableDbType="TABLE">
        <tableTitle>Pregnancy Outcomes</tableTitle>
        <columns>
            <column columnName="Id">
                <datatype>varchar</datatype>
                <propertyURI>http://cpas.labkey.com/Study#ParticipantId</propertyURI>
                <importAliases>
                    <importAlias>ptid</importAlias>
                </importAliases>
            </column>
            <column columnName="date">
                <datatype>timestamp</datatype>
                <propertyURI>http://cpas.labkey.com/Study#VisitDate</propertyURI>
                <conceptURI>http://cpas.labkey.com/Study#VisitDate</conceptURI>
            </column>
            <column columnName="objectid">
                <datatype>varchar</datatype>
                <propertyURI>urn:ehr.labkey.org/#ObjectId</propertyURI>
                <isKeyField>true</isKeyField>
            </column>
            <column columnName="type">
                <columnTitle>Type</columnTitle>
                <datatype>varchar</datatype>
            </column>
            <column columnName="result">
                <columnTitle>Result</columnTitle>
                <datatype>varchar</datatype>
            </column>
            <column columnName="diagnosis">
                <columnTitle>Diagnosis</columnTitle>
                <datatype>varchar</datatype>
            </column>
            <column columnName="attachmentFile">
                <columnTitle>Attachment File</columnTitle>
                <datatype>varchar</datatype>
                <rangeURI>http://cpas.fhcrc.org/exp/xml#fileLink</rangeURI>
            </column>
        </columns>
    </table>
    <table tableName="notes" tableDbType="TABLE">
        <columns>
            <column columnName="Id">
                <datatype>varchar</datatype>
                <propertyURI>http://cpas.labkey.com/Study#ParticipantId</propertyURI>
                <importAliases>
                    <importAlias>ptid</importAlias>
                </importAliases>
            </column>
            <column columnName="date">
                <datatype>timestamp</datatype>
                <propertyURI>http://cpas.labkey.com/Study#VisitDate</propertyURI>
                <conceptURI>http://cpas.labkey.com/Study#VisitDate</conceptURI>
            </column>
            <column columnName="enddate">
                <datatype>timestamp</datatype>
            </column>
            <column columnName="type">
                <datatype>varchar</datatype>
            </column>
            <column columnName="objectid">
                <datatype>varchar</datatype>
                <propertyURI>urn:ehr.labkey.org/#ObjectId</propertyURI>
                <isKeyField>true</isKeyField>
            </column>
            <column columnName="attachmentFile">
                <columnTitle>Attachment File</columnTitle>
                <datatype>varchar</datatype>
                <rangeURI>http://cpas.fhcrc.org/exp/xml#fileLink</rangeURI>
            </column>
        </columns>
        <tableTitle>Notes</tableTitle>
    </table>
    <table tableName="chemistryResults" tableDbType="TABLE">
        <columns>
            <column columnName="Id">
                <datatype>varchar</datatype>
                <propertyURI>http://cpas.labkey.com/Study#ParticipantId</propertyURI>
                <importAliases>
                    <importAlias>ptid</importAlias>
                </importAliases>
            </column>
            <column columnName="date">
                <datatype>timestamp</datatype>
                <propertyURI>http://cpas.labkey.com/Study#VisitDate</propertyURI>
                <conceptURI>http://cpas.labkey.com/Study#VisitDate</conceptURI>
            </column>
            <column columnName="type">
                <datatype>varchar</datatype>
            </column>
            <column columnName="objectid">
                <datatype>varchar</datatype>
                <propertyURI>urn:ehr.labkey.org/#ObjectId</propertyURI>
                <isKeyField>true</isKeyField>
            </column>
            <column columnName="result">
                <columnTitle>Result</columnTitle>
                <datatype>double</datatype>
            </column>
        </columns>
        <tableTitle>Chemistry Results</tableTitle>
    </table>
    <table tableName="foster" tableDbType="TABLE">
        <columns>
            <column columnName="Id">
                <datatype>varchar</datatype>
                <propertyURI>http://cpas.labkey.com/Study#ParticipantId</propertyURI>
                <importAliases>
                    <importAlias>ptid</importAlias>
                </importAliases>
            </column>
            <column columnName="date">
                <datatype>timestamp</datatype>
                <propertyURI>http://cpas.labkey.com/Study#VisitDate</propertyURI>
                <conceptURI>http://cpas.labkey.com/Study#VisitDate</conceptURI>
            </column>
            <column columnName="type">
                <datatype>varchar</datatype>
            </column>
            <column columnName="objectid">
                <datatype>varchar</datatype>
                <propertyURI>urn:ehr.labkey.org/#ObjectId</propertyURI>
                <isKeyField>true</isKeyField>
            </column>
        </columns>
        <tableTitle>Fostering</tableTitle>
    </table>
</tables>